{"iteration": 4648, "episode": 90, "running_reward": 14.450617292936762, "running_last_10_r": 28.300000000000004, "running_training_logs": [-0.007950887802611906, 0.024490571482635046, 0.25405462121383726, 0.2973035513108387, 0.8186487689145137]}