{"iteration": 48000, "episode": 234, "running_reward": 18.383190138064293, "running_last_10_r": 27.3, "running_training_logs": [-0.003439153388954476, 0.0012635896100565793, 0.5466432093154722, 0.043270992604075804, 0.9726725460220773]}